Variable Root,baseline_control,,,,,,,
Title Label,Baseline Drive Profile,,,,,,,
Mode,op,,,,,,,
Read Only,no,,,,,,,
Name,Label,Index,Sub Index,Scale Type,Format,Size,Line Type,Options
baseline_drive_torque,Max Torque during Drive (%),0x2920,1,gain,0.1,2,buttons,
baseline_dir_torque,Max Torque during Direction Change (%),0x2920,2,gain,0.1,2,buttons,
baseline_neutral_torque,Max Torque during Neutral Braking (%),0x2920,3,gain,0.1,2,buttons,
baseline_footbrake_torque,Max Torque during Footbraking (%),0x2920,4,gain,0.1,2,buttons,
baseline_forward_speed,Max Speed Forward (RPM),0x2920,5,gain,1,2,buttons,
baseline_reverse_speed,Max Speed Reverse (RPM),0x2920,6,gain,1,2,buttons,
baseline_drive_accel,Accel Rate during Drive,0x2920,7,gain,1,2,buttons,
baseline_dir_accel,Accel Rate during Direction Change,0x2920,8,gain,1,2,buttons,
baseline_neutral_accel,Accel Rate during Neutral Braking,0x2920,9,gain,1,2,buttons,
baseline_footbrake_accel,Accel Rate during Footbraking,0x2920,10,gain,1,2,buttons,
baseline_drive_decel,Decel Rate during Drive,0x2920,11,gain,1,2,buttons,
baseline_dir_decel,Decel Rate during Direction Change,0x2920,12,gain,1,2,buttons,
baseline_neutral_decel,Decel Rate during Neutral Braking,0x2920,13,gain,1,2,buttons,
baseline_footbrake_decel,Decel Rate during Footbraking,0x2920,14,gain,1,2,buttons,
baseline_tm_splim_accel,Torque Mode Speed Limit Accel Rate (RPM/s),0x2920,15,gain,1,2,buttons,
baseline_tm_splim_decel,Torque Mode Speed Limit Decel Rate (RPM/s),0x2920,16,gain,1,2,buttons,
