Variable Root,battery,,,,,,,
Title Label,Battery Setup,,,,,,,
Mode,preop,,,,,,,
Read Only,no,,,,,,,
Name,Label,Index,Sub Index,Scale Type,Format,Size,Line Type,Options
battery_over_volt_limit,Over Voltage Cutout,0x2c01,2,format,12.4,2,buttons,
battery_over_start_cut,Over Voltage Start Cutback,0x2c01,1,format,12.4,2,buttons,
battery_under_start_cut,Under Voltage Start Cutback,0x2c02,1,format,12.4,2,buttons,
battery_under_volt_limit,Under Voltage Cutout,0x2c02,2,format,12.4,2,buttons,
battery_limit_config,Battery Limit Config,0x2870,1,option,1,1,option,0:No Limit;1:Fixed;2:Delaware BMS;3:Fixed w/Drive Profile Cuts
master_battery_max_charge_current,Master Maximum Bat Charge I (neg A),0x2870,3,format,s16.0,2,buttons,
master_battery_max_dischage_current,Master Maximum Bat Discharge I (pos A),0x2870,2,format,s16.0,2,buttons,
battery_max_charge_current,Maximum Bat Charge I (neg A),0x4623,1,format,s16.0,2,buttons,
battery_max_dischage_current,Maximum Bat Discharge I (pos A),0x4623,2,format,s16.0,2,buttons,
battery_current_cutback_range,Cutback Range (A),0x4623,3,format,s16.0,2,buttons,
battery_current_est_correction_factor,Bat I Correction Factor (.5 to 1.5),0x4623,4,format,4.12,2,buttons,
battery_current_drive_1_cutback,Drive Profile 1 cutback (percent of master discharge current),0x2870,4,format,s16.0,2,buttons,
battery_current_drive_2_cutback,Drive Profile 2 cutback (percent of master discharge current),0x2870,5,format,s16.0,2,buttons,
