Variable Root,bdi,,,,,,,
Title Label,BDI Setup,,,,,,,
Mode,preop,,,,,,,
Read Only,no,,,,,,,
Name,Label,Index,Sub Index,Scale Type,Format,Size,Line Type,Options
bdi_flags_traction,BDI Flags,0x2C30,1,bit,0,1,radio,No BDI Drive Profile; Trigger Chosen BDI profile
bdi_dp1_bdi_trigger,Drive Profile 1 Trigger,0x2931,1,bit,0,1,radio,BDI no effect;  BDI triggers this profile
bdi_dp2_bdi_trigger,Drive Profile 2 Trigger,0x2931,2,bit,0,1,radio,BDI no effect;  BDI triggers this profile
bdi_flags_pump,BDI Flags,0x2C30,1,bit,1,1,radio,Don�t Disable Pump; Disable Pump when BDI low
bdi_reset_voltage,Reset Voltage (V/cell),0x2C30,2,gain,0.01,1,entry,
bdi_discharge_voltage,Discharge Voltage (V/cell),0x2C30,3,gain,0.01,1,entry,
bdi_cutout_level,Cutout level (%),0x2C30,4,gain,1,1,entry,
bdi_warning_level,Warning level (%),0x2C30,5,gain,1,1,entry,
bdi_cell_count,Cell count,0x2C30,6,gain,1,1,entry,
bdi_discharge_rate,Discharge Rate (s/%),0x2C30,7,gain,1,1,entry,
bdi_reset_level,Reset Level (V),equation,,,expr [sdo_rnx $helper_node 0x2C30 2] * [sdo_rnx $helper_node 0x2c30 6] * 0.01,,equation,
bdi_dischage_level,Discharge Level (V),equation,,,expr [sdo_rnx $helper_node 0x2C30 3] * [sdo_rnx $helper_node 0x2c30 6] * 0.01,,equation,
