Variable Root,buzzer_control,,,,,,,
Title Label,Buzzer Setup,,,,,,,
Mode,preop,,,,,,,
Read Only,no,,,,,,,
Name,Label,Index,Sub Index,Scale Type,Format,Size,Line Type,Options
buzzer_active_forward,Buzzer Active in Forward,0x2840,1,bit,0,1,radio,No;Yes
buzzer_active_reverse,Buzzer Active in Reverse,0x2840,1,bit,1,1,radio,No;Yes
buzzer_active_roll,Buzzer Active in Rolloff,0x2840,1,bit,2,1,radio,No;Yes
buzzer_active_fault,Buzzer Active if Fault Active,0x2840,1,bit,3,1,radio,No;Yes
buzzer_active_bdi_low,Buzzer Active if BDI is Low,0x2840,1,bit,4,1,radio,No;Yes
forward_cadence_on_time,Forward Cadence ON Time (s),0x2840,2,gain,0.1,1,entry,
forward_cadence_off_time,Forward Cadence OFF Time (s),0x2840,3,gain,0.1,1,entry,
reverse_cadence_on_time,Reverse Cadence ON Time (s),0x2840,4,gain,0.1,1,entry,
reverse_cadence_off_time,Reverse Cadence OFF Time (s),0x2840,5,gain,0.1,1,entry,
roll_cadence_on_time,Rolloff Cadence ON Time (s),0x2840,6,gain,0.1,1,entry,
roll_cadence_off_time,Rolloff Cadence OFF Time (s),0x2840,7,gain,0.1,1,entry,
fault_cadence_on_time,Fault Cadence ON Time (s),0x2840,8,gain,0.1,1,entry,
fault_cadence_off_time,Fault Cadence OFF Time (s),0x2840,9,gain,0.1,1,entry,
bdi_low_cadence_on_time,BDI Low Cadence ON Time (s),0x2840,10,gain,0.1,1,entry,
bdi_low_cadence_off_time,BDI Low Cadence OFF Time (s),0x2840,11,gain,0.1,1,entry,
