Variable Root,rpdo_setup,,,,,,,
Title Label,RPDO Setup,,,,,,,
Mode,preop,,,,,,,
Read Only,no,,,,,,,
Name,Label,Index,Sub Index,Scale Type,Format,Size,Line Type,Options
rpdo_1_cob_id,RPDO 1 COB-id (0x80000000 disables) (201h-27Fh),0x1400,1,hex,hex,4,entry,
rpdo_2_cob_id,RPDO 2 COB-id (301h-37Fh),0x1401,1,hex,hex,4,entry,
rpdo_3_cob_id,RPDO 3 COB-id (401h-47Fh),0x1402,1,hex,hex,4,entry,
rpdo_4_cob_id,RPDO 4 COB-id (501h-57Fh),0x1403,1,hex,hex,4,entry,
rpdo_5_cob_id,RPDO 5 COB-id (501h-57Fh not same as RPDO 4),0x1404,1,hex,hex,4,entry,
