Variable Root,tpdo_setup,,,,,,,
Title Label,TPDO Setup,,,,,,,
Mode,preop,,,,,,,
Read Only,no,,,,,,,
Name,Label,Index,Sub Index,Scale Type,Format,Size,Line Type,Options
tpdo_sync_frequency,Sync Messages Sent Every X seconds:,0x1006,0,gain,0.000001,4,entry,buttons
tpdo_sync_cob_id,Sync Messages COB-id (usually 0x40000080),0x1005,0,hex,hex,4,entry,
tpdo_1_cob_id,TPDO 1 COB-id (0x80000000 disables) (181h-1FFh),0x1800,1,hex,hex,4,entry,
tpdo_2_cob_id,TPDO 2 COB-id (281h-2FFh),0x1801,1,hex,hex,4,entry,
tpdo_3_cob_id,TPDO 3 COB-id (381h-3FFh),0x1802,1,hex,hex,4,entry,
tpdo_4_cob_id,TPDO 4 COB-id (481h-4FFh),0x1803,1,hex,hex,4,entry,
tpdo_5_cob_id,TPDO 5 COB-id (481h-4FFh not same as TPDO 4),0x1804,1,hex,hex,4,entry,
tpdo_1_syncs,TPDO 1 Sent every X syncs (1-240),0x1800,2,gain,1,1,entry,
tpdo_2_syncs,TPDO 2 Sent every X syncs (1-240),0x1801,2,gain,1,1,entry,
tpdo_3_syncs,TPDO 3 Sent every X syncs (1-240),0x1802,2,gain,1,1,entry,
tpdo_4_syncs,TPDO 4 Sent every X syncs (1-240),0x1803,2,gain,1,1,entry,
tpdo_5_syncs,TPDO 5 Sent every X syncs (1-240),0x1804,2,gain,1,1,entry,
