Variable Root,contactor_voltage_control,,,,,,,
Title Label,Contactor Voltage Control,,,,,,,
Mode,preop,,,,,,,
Read Only,no,,,,,,,
Name,Label,Index,Sub Index,Scale Type,Format,Size,Line Type,Options
contactor_control_line_contactor,Line Contactor,0x2D01,1,bit,0,1,radio,Full Voltage; Pull In / Hold In
contactor_control_pump,Pump,0x2D01,1,bit,1,1,radio,Full Voltage; Pull In / Hold In
contactor_control_pst,Power Steer,0x2D01,1,bit,2,1,radio,Full Voltage; Pull In / Hold In
contactor_control_ebrake,Ebrake,0x2D01,1,bit,3,1,radio,Full Voltage; Pull In / Hold In
contactor_control_extled,External LED,0x2D01,1,bit,4,1,radio,Full Voltage; Pull In / Hold In
contactor_control_fan,Cooling Fan,0x2D01,1,bit,5,1,radio,Full Voltage; Pull In / Hold In
contactor_control_buzzer,Buzzer,0x2D01,1,bit,6,1,radio,Full Voltage; Pull In / Hold In
contactor_control_horn,Horn,0x2D01,1,bit,7,1,radio,Full Voltage; Pull In / Hold In
contactor_control_lights,Lights,0x2D01,2,bit,0,1,radio,Full Voltage; Pull In / Hold In
contactor_control_service,Service,0x2D01,2,bit,1,1,radio,Full Voltage; Pull In / Hold In
contactor_control_motor_iso,Motor Isolation,0x2D01,2,bit,2,1,radio,Full Voltage; Pull In / Hold In
contactor_control_second_line_contactor,Secondary Line Contactor,0x2D01,2,bit,3,1,radio,Full Voltage; Pull In / Hold In
