Variable Root,contactor_hold_in,,,,,,,
Title Label,Contactor Hold In,,,,,,,
Mode,preop,,,,,,,
Read Only,no,,,,,,,
Name,Label,Index,Sub Index,Scale Type,Format,Size,Line Type,Options
contactor_hold_line_contactor,Line Contactor,0x2D02,1,bit,0,1,radio,Keep Pull In voltage; Go to Hold In voltage
contactor_hold_pump,Pump,0x2D02,1,bit,1,1,radio,Keep Pull In voltage; Go to Hold In voltage
contactor_hold_pst,Power Steer,0x2D02,1,bit,2,1,radio,Keep Pull In voltage; Go to Hold In voltage
contactor_hold_ebrake,Ebrake,0x2D02,1,bit,3,1,radio,Keep Pull In voltage; Go to Hold In voltage
contactor_hold_extled,External LED,0x2D02,1,bit,4,1,radio,Keep Pull In voltage; Go to Hold In voltage
contactor_hold_fan,Cooling Fan,0x2D02,1,bit,5,1,radio,Keep Pull In voltage; Go to Hold In voltage
contactor_hold_buzzer,Buzzer,0x2D02,1,bit,6,1,radio,Keep Pull In voltage; Go to Hold In voltage
contactor_hold_horn,Horn,0x2D02,1,bit,7,1,radio,Keep Pull In voltage; Go to Hold In voltage
contactor_hold_lights,Lights,0x2D02,2,bit,0,1,radio,Keep Pull In voltage; Go to Hold In voltage
contactor_hold_service,Service,0x2D02,2,bit,1,1,radio,Keep Pull In voltage; Go to Hold In voltage
contactor_hold_motor_iso,Motor Isolation,0x2D02,2,bit,2,1,radio,Keep Pull In voltage; Go to Hold In voltage
contactor_hold_second_line_contactor,Secondary Line Contactor,0x2D02,2,bit,3,1,radio,Keep Pull In voltage; Go to Hold In voltage
