Variable Root,current_control,,,,,,
Title Label,FV Current Control Parameters,,,,,,
Mode,op,,,,,,
Read Only,no,,,,,,
Name,Label,Index,Sub Index,Scale Type,Format,Size,Line Type
ictrl_kp,I Control Kp,0x4641,13,one,s1.15,2,buttons
ictrl_ki,I Control Ki,0x4641,15,one,s1.15,2,buttons
cross_ictrl_kp,Cross I Control Kp,0x4641,33,one,s1.15,2,buttons
cross_ictrl_ki,Cross I Control Ki,0x4641,34,one,s1.15,2,buttons
f_weaken_kp,Field Weakening Kp,0x4641,25,one,s1.15,2,buttons
f_weaken_ki,Field Weakening Ki,0x4641,26,one,s1.15,2,buttons
