Variable Root,switch_state,,,,,,,
Title Label,Digital Switch State,,,,,,,
Mode,preop,,,,,,,
Read Only,yes,,,,,,,
Name,Label,Index,Sub Index,Scale Type,Format,Size,Line Type,Options
drive_enable_switch,Drive Enable Switch,0x2120,0,bit,0,2,radio,Inactive;Active
forward_switch,Forward Switch,0x2121,0,bit,0,2,radio,Inactive;Active
reverse_switch,Reverse Switch,0x2122,0,bit,0,2,radio,Inactive;Active
fs1_switch,FS1 Switch,0x2123,0,bit,0,2,radio,Inactive;Active
seat_switch,Seat Switch,0x2124,0,bit,0,2,radio,Inactive;Active
handbrake_switch,Handbrake Switch,0x2125,0,bit,0,2,radio,Inactive;Active
drive1_select_switch,Driveability Select 1 Switch,0x2126,0,bit,0,2,radio,Inactive;Active
drive2_select_switch,Driveability Select 2 Switch,0x2127,0,bit,0,2,radio,Inactive;Active
inch_forward_switch,Inch Forward Switch,0x2129,0,bit,0,2,radio,Inactive;Active
inch_reverse_switch,Inch Reverse Switch,0x212a,0,bit,0,2,radio,Inactive;Active
inner_left_steer_switch,Inner Left Steer Switch,0x212b,0,bit,0,2,radio,Inactive;Active
outer_left_steer_switch,Outer Left Steer Switch,0x212c,0,bit,0,2,radio,Inactive;Active
inner_right_steer_switch,Inner Right Steer Switch,0x212d,0,bit,0,2,radio,Inactive;Active
outer_right_steer_switch,Outer Right Steer Switch,0x212e,0,bit,0,2,radio,Inactive;Active
high_speed_switch,High Speed Switch,0x212f,0,bit,0,2,radio,Inactive;Active
footbrake_switch,Footbrake Switch,0x2130,0,bit,0,2,radio,Inactive;Active
regen_charging_enable_switch,Regen Charging Enable Switch,0x2131,0,bit,0,2,radio,Inactive;Active
belly_switch,Belly Switch,0x2139,0,bit,0,2,radio,Inactive;Active
deadman_switch,Deadman Switch,0x213A,0,bit,0,2,radio,Inactive;Active
