Variable Root,driveability2_control,,,,,,,
Title Label,Driveability Profile 2,,,,,,,
Mode,op,,,,,,,
Read Only,no,,,,,,,
Name,Label,Index,Sub Index,Scale Type,Format,Size,Line Type,Options
driveability2_drive_torque,Max Torque during Drive (%),0x2922,1,gain,0.1,2,buttons,
driveability2_dir_torque,Max Torque during Direction Change (%),0x2922,2,gain,0.1,2,buttons,
driveability2_neutral_torque,Max Torque during Neutral Braking (%),0x2922,3,gain,0.1,2,buttons,
driveability2_footbrake_torque,Max Torque during Footbraking (%),0x2922,4,gain,0.1,2,buttons,
driveability2_forward_speed,Max Speed Forward (RPM),0x2922,5,gain,1,2,buttons,
driveability2_reverse_speed,Max Speed Reverse (RPM),0x2922,6,gain,1,2,buttons,
driveability2_drive_accel,Accel Rate during Drive,0x2922,7,gain,1,2,buttons,
driveability2_dir_accel,Accel Rate during Direction Change,0x2922,8,gain,1,2,buttons,
driveability2_neutral_accel,Accel Rate during Neutral Braking,0x2922,9,gain,1,2,buttons,
driveability2_footbrake_accel,Accel Rate during Footbraking,0x2922,10,gain,1,2,buttons,
driveability2_drive_decel,Decel Rate during Drive,0x2922,11,gain,1,2,buttons,
driveability2_dir_decel,Decel Rate during Direction Change,0x2922,12,gain,1,2,buttons,
driveability2_neutral_decel,Decel Rate during Neutral Braking,0x2922,13,gain,1,2,buttons,
driveability2_footbrake_decel,Decel Rate during Footbraking,0x2922,14,gain,1,2,buttons,
driveability2_tm_splim_accel,Torque Mode Speed Limit Accel Rate (RPM/s),0x2922,15,gain,1,2,buttons,
driveability2_tm_splim_decel,Torque Mode Speed Limit Decel Rate (RPM/s),0x2922,16,gain,1,2,buttons,
