Variable Root,driveability1_control,,,,,,,
Title Label,Driveability Profile 1,,,,,,,
Mode,op,,,,,,,
Read Only,no,,,,,,,
Name,Label,Index,Sub Index,Scale Type,Format,Size,Line Type,Options
driveability1_drive_torque,Max Torque during Drive (%),0x2921,1,gain,0.1,2,buttons,
driveability1_dir_torque,Max Torque during Direction Change (%),0x2921,2,gain,0.1,2,buttons,
driveability1_neutral_torque,Max Torque during Neutral Braking (%),0x2921,3,gain,0.1,2,buttons,
driveability1_footbrake_torque,Max Torque during Footbraking (%),0x2921,4,gain,0.1,2,buttons,
driveability1_forward_speed,Max Speed Forward (RPM),0x2921,5,gain,1,2,buttons,
driveability1_reverse_speed,Max Speed Reverse (RPM),0x2921,6,gain,1,2,buttons,
driveability1_drive_accel,Accel Rate during Drive,0x2921,7,gain,1,2,buttons,
driveability1_dir_accel,Accel Rate during Direction Change,0x2921,8,gain,1,2,buttons,
driveability1_neutral_accel,Accel Rate during Neutral Braking,0x2921,9,gain,1,2,buttons,
driveability1_footbrake_accel,Accel Rate during Footbraking,0x2921,10,gain,1,2,buttons,
driveability1_drive_decel,Decel Rate during Drive,0x2921,11,gain,1,2,buttons,
driveability1_dir_decel,Decel Rate during Direction Change,0x2921,12,gain,1,2,buttons,
driveability1_neutral_decel,Decel Rate during Neutral Braking,0x2921,13,gain,1,2,buttons,
driveability1_footbrake_decel,Decel Rate during Footbraking,0x2921,14,gain,1,2,buttons,
driveability1_tm_splim_accel,Torque Mode Speed Limit Accel Rate (RPM/s),0x2921,15,gain,1,2,buttons,
driveability1_tm_splim_decel,Torque Mode Speed Limit Decel Rate (RPM/s),0x2921,16,gain,1,2,buttons,
