Variable Root,economy,,,,,,,
Title Label,Economy Setup,,,,,,,
Mode,preop,,,,,,,
Read Only,no,,,,,,,
Name,Label,Index,Sub Index,Scale Type,Format,Size,Line Type,Options
economy_function,Economy Function,0x2912,1,option,0,1,option,0:None;1:Maximum Torque;2:Acceleration Rate
economy_start_volt_1,Economy Start Voltage 1 (V),0x2912,2,gain,0.00390625,2,entry,
economy_start_val_1,Economy Start Value 1,0x2912,3,one,s1.15,2,entry,
economy_end_volt_1,Economy End Voltage 1 (V),0x2912,4,gain,0.00390625,2,entry,
economy_end_val_1,Economy End Value 1,0x2912,5,one,s1.15,2,entry,
