Variable Root,speed_encoder,,,,,,,
Title Label,Encoder Setup,,,,,,,
Mode,preop,,,,,,,
Read Only,no,,,,,,,
Name,Label,Index,Sub Index,Scale Type,Format,Size,Line Type,Options
pulses_per_rev,Encoder PPR,0x6090,1,gain,1,4,entry,
motor_revs_per_s,Motor Revolutions Per Second,0x6090,2,gain,1,4,entry,
encoder_pullup,Encoder Pullup,0x4630,1,option,1,1,option,0:I Sink;1:V Driver
encoder_supply,Encoder Supply,0x4630,2,option,1,1,option,0:10V;1:5V
encoder_type,Encoder Type,0x4630,3,option,1,2,option,0:AB Only;1:AB and UVW;2:UVW Only;3:AB and UVW i;4:UVW Invert ON;5:Sin/Cos;6:Single Channel
encoder_offset,Encoder Offset,0x4630,4,gain,0.00390625,2,entry,
