Variable Root,flux_vector,,,,,,,
Title Label,Flux Vector Setup,,,,,,,
Mode,preop,,,,,,,
Read Only,no,,,,,,,
Name,Label,Index,Sub Index,Scale Type,Format,Size,Line Type,Options
fv_min_mag_current,Minimum Magnetising Current,0x4641,3,gain,0.00390625,2,entry,
fv_ol_start_speed,Openloop Start Speed (RPM),0x4641,22,gain,9.549296586,2,entry,
fv_ol_exit_speed,Openloop Exit Speed (RPM),0x4641,23,gain,9.549296586,2,entry,
fv_max_drive_mod_index,Max Drive Mod Index,0x4641,30,gain,0.024414063,2,entry,
fv_max_brake_mod_index,Max Brake Mod Index,0x4641,31,gain,0.024414063,2,entry,
fv_ls_ls_prime,Ls/Ls',0x4641,32,gain,0.00390625,2,entry,
fv_id_recovery_rate,Id Recovery Rate,0x4641,37,gain,1,2,entry,
