Variable Root,local_io,,,,,,,,
Title Label,Local IO (VPDO) Setup,,,,,,,,
Mode,preop,,,,,,,,
Read Only,no,,,,,,,,
Name,Label,Index,Sub Index,Scale Type,Format,Size,Line Type,Options,
vpdo_num_motor,Number of Motor Controls (1),0x3000,0,option,0,1,option,1: One Motor,
vpdo_motor,Motor Control,0x3000,1,option,0,2,option,0x2020: Motor Left; 0x2021: Motor Right; 0x2040: Motor Pump; 0x2060: Power Steering,
vpdo_num_ana_out,Number of Analog Outputs,0x3200,0,option,0,1,option,0: No Outputs; 1: 1 Output; 2: 2 Outputs; 3: 3 Outputs,
vpdo_ana_out_1,Analog Output 1,0x3200,1,option,0,2,option,0x24FF: Not Mapped;0x2400: Line Contactor; 0x2401: External LED; 0x2402: Alarm buzzer; 0x2403: Horn; 0x2404: Brake Lights; 0x2405: Service Due; 0x2406: System Cooling Fan; 0x2407: Secondary Line Contactor; 0x2408: Thermal Cutback Indication; 0x2420: Electro-mechanical brake; 0x2421: Traction Motor Cooling Fan; 0x2422: Motor Isolation Contactor; 0x2423: High / Low Speed Indication; 0x2424: UVR Coil; 0x2425: Park brake; 0x2426: Service Brake; 0x2440: Pump contactor; 0x2441: Pump Monitor Output; 0x2442: Precharge complete, CB closed indication; 0x2443: Pump Tilt Out Solenoid; 0x2444: Pump Tilt In Solenoid; 0x2445: Pump Lift Up Solenoid; 0x2446: Pump Lift Down Solenoid; 0x2447: Pump Lock Solenoid; 0x2460: Power steer contactor; 
vpdo_ana_out_2,Analog Output 2,0x3200,2,option,0,2,option,0x24FF: Not Mapped;0x2400: Line Contactor; 0x2401: External LED; 0x2402: Alarm buzzer; 0x2403: Horn; 0x2404: Brake Lights; 0x2405: Service Due; 0x2406: System Cooling Fan; 0x2407: Secondary Line Contactor; 0x2408: Thermal Cutback Indication; 0x2420: Electro-mechanical brake; 0x2421: Traction Motor Cooling Fan; 0x2422: Motor Isolation Contactor; 0x2423: High / Low Speed Indication; 0x2424: UVR Coil; 0x2425: Park brake; 0x2426: Service Brake; 0x2440: Pump contactor; 0x2441: Pump Monitor Output; 0x2442: Precharge complete, CB closed indication; 0x2443: Pump Tilt Out Solenoid; 0x2444: Pump Tilt In Solenoid; 0x2445: Pump Lift Up Solenoid; 0x2446: Pump Lift Down Solenoid; 0x2447: Pump Lock Solenoid; 0x2460: Power steer contactor; 
vpdo_ana_out_3,Analog Output 3,0x3200,3,option,0,2,option,0x24FF: Not Mapped;0x2400: Line Contactor; 0x2401: External LED; 0x2402: Alarm buzzer; 0x2403: Horn; 0x2404: Brake Lights; 0x2405: Service Due; 0x2406: System Cooling Fan; 0x2407: Secondary Line Contactor; 0x2408: Thermal Cutback Indication; 0x2420: Electro-mechanical brake; 0x2421: Traction Motor Cooling Fan; 0x2422: Motor Isolation Contactor; 0x2423: High / Low Speed Indication; 0x2424: UVR Coil; 0x2425: Park brake; 0x2426: Service Brake; 0x2440: Pump contactor; 0x2441: Pump Monitor Output; 0x2442: Precharge complete, CB closed indication; 0x2443: Pump Tilt Out Solenoid; 0x2444: Pump Tilt In Solenoid; 0x2445: Pump Lift Up Solenoid; 0x2446: Pump Lift Down Solenoid; 0x2447: Pump Lock Solenoid; 0x2460: Power steer contactor; 
vpdo_num_dig_in,Number of Digital Inputs,0x3300,0,option,0,1,option,0: No Inputs; 1: 1 Input; 2: 2 Inputs; 3: 3 Inputs; 4:4 Inputs; 5: 5 Inputs; 6: 6 Inputs; 7: 7 Inputs; 8: 8 Inputs; 9: 9 Inputs;10: 10 Inputs;11: 11 Inputs;12: 12 Inputs;,
vdpo_dig_in_1,Digital Input 1,0x3300,1,option,0,2,option,0x21FF: No Input; 0x2100: Key Sw; 0x2101: Horn Sw; 0x2120: Drive enable Sw; 0x2121: Forward Sw; 0x2122: Reverse Sw; 0x2123: FS1 Sw; 0x2124: Seat Sw; 0x2125: Handbrake Sw; 0x2126: Driveability 1 Sw; 0x2127: Driveability 2 Sw; 0x2129: Inch Fw Sw; 0x212A: Inch Rev Sw; 0x212B: Inner left steer Sw; 0x212C: Outer left steer Sw; 0x212D: Inner right steer Sw; 0x212E: Outer right steer Sw; 0x212F: High speed Sw; 0x2130: Footbrake Sw; 0x2131: Regen Charging Enable Sw; 0x2132: Overload Sw; 0x2133: Operational alarm trigger Sw; 0x2134: Tilt Sw; 0x2135: Platform Up; 0x2136: Traction Mode Select; 0x2137: Traction Inhibit; 0x2138: Pothole; 0x2139: Belly; 0x213A: Deadman Sw; 0x2140: Pump 1 Sw; 0x2141: Pump 2 Sw; 0x2142: Pump 3 Sw; 0x2143: Pump 4 Sw; 0x2144: Pump 5 Sw; 0x2145: Pump 6 Sw; 0x2146: Pump 7 Sw; 0x2150: Pump Inhibit Sw; 0x2152: Pump Driveability 1 Sw; 0x2153: Pump Driveability 2 Sw; 0x2154: Pump Mode Sw; 0x2160: Power steer trigger Sw;,
vdpo_dig_in_2,Digital Input 2,0x3300,2,option,0,2,option,0x21FF: No Input; 0x2100: Key Sw; 0x2101: Horn Sw; 0x2120: Drive enable Sw; 0x2121: Forward Sw; 0x2122: Reverse Sw; 0x2123: FS1 Sw; 0x2124: Seat Sw; 0x2125: Handbrake Sw; 0x2126: Driveability 1 Sw; 0x2127: Driveability 2 Sw; 0x2129: Inch Fw Sw; 0x212A: Inch Rev Sw; 0x212B: Inner left steer Sw; 0x212C: Outer left steer Sw; 0x212D: Inner right steer Sw; 0x212E: Outer right steer Sw; 0x212F: High speed Sw; 0x2130: Footbrake Sw; 0x2131: Regen Charging Enable Sw; 0x2132: Overload Sw; 0x2133: Operational alarm trigger Sw; 0x2134: Tilt Sw; 0x2135: Platform Up; 0x2136: Traction Mode Select; 0x2137: Traction Inhibit; 0x2138: Pothole; 0x2139: Belly; 0x213A: Deadman Sw; 0x2140: Pump 1 Sw; 0x2141: Pump 2 Sw; 0x2142: Pump 3 Sw; 0x2143: Pump 4 Sw; 0x2144: Pump 5 Sw; 0x2145: Pump 6 Sw; 0x2146: Pump 7 Sw; 0x2150: Pump Inhibit Sw; 0x2152: Pump Driveability 1 Sw; 0x2153: Pump Driveability 2 Sw; 0x2154: Pump Mode Sw; 0x2160: Power steer trigger Sw;,
vdpo_dig_in_3,Digital Input 3,0x3300,3,option,0,2,option,0x21FF: No Input; 0x2100: Key Sw; 0x2101: Horn Sw; 0x2120: Drive enable Sw; 0x2121: Forward Sw; 0x2122: Reverse Sw; 0x2123: FS1 Sw; 0x2124: Seat Sw; 0x2125: Handbrake Sw; 0x2126: Driveability 1 Sw; 0x2127: Driveability 2 Sw; 0x2129: Inch Fw Sw; 0x212A: Inch Rev Sw; 0x212B: Inner left steer Sw; 0x212C: Outer left steer Sw; 0x212D: Inner right steer Sw; 0x212E: Outer right steer Sw; 0x212F: High speed Sw; 0x2130: Footbrake Sw; 0x2131: Regen Charging Enable Sw; 0x2132: Overload Sw; 0x2133: Operational alarm trigger Sw; 0x2134: Tilt Sw; 0x2135: Platform Up; 0x2136: Traction Mode Select; 0x2137: Traction Inhibit; 0x2138: Pothole; 0x2139: Belly; 0x213A: Deadman Sw; 0x2140: Pump 1 Sw; 0x2141: Pump 2 Sw; 0x2142: Pump 3 Sw; 0x2143: Pump 4 Sw; 0x2144: Pump 5 Sw; 0x2145: Pump 6 Sw; 0x2146: Pump 7 Sw; 0x2150: Pump Inhibit Sw; 0x2152: Pump Driveability 1 Sw; 0x2153: Pump Driveability 2 Sw; 0x2154: Pump Mode Sw; 0x2160: Power steer trigger Sw;,
vdpo_dig_in_4,Digital Input 4,0x3300,4,option,0,2,option,0x21FF: No Input; 0x2100: Key Sw; 0x2101: Horn Sw; 0x2120: Drive enable Sw; 0x2121: Forward Sw; 0x2122: Reverse Sw; 0x2123: FS1 Sw; 0x2124: Seat Sw; 0x2125: Handbrake Sw; 0x2126: Driveability 1 Sw; 0x2127: Driveability 2 Sw; 0x2129: Inch Fw Sw; 0x212A: Inch Rev Sw; 0x212B: Inner left steer Sw; 0x212C: Outer left steer Sw; 0x212D: Inner right steer Sw; 0x212E: Outer right steer Sw; 0x212F: High speed Sw; 0x2130: Footbrake Sw; 0x2131: Regen Charging Enable Sw; 0x2132: Overload Sw; 0x2133: Operational alarm trigger Sw; 0x2134: Tilt Sw; 0x2135: Platform Up; 0x2136: Traction Mode Select; 0x2137: Traction Inhibit; 0x2138: Pothole; 0x2139: Belly; 0x213A: Deadman Sw; 0x2140: Pump 1 Sw; 0x2141: Pump 2 Sw; 0x2142: Pump 3 Sw; 0x2143: Pump 4 Sw; 0x2144: Pump 5 Sw; 0x2145: Pump 6 Sw; 0x2146: Pump 7 Sw; 0x2150: Pump Inhibit Sw; 0x2152: Pump Driveability 1 Sw; 0x2153: Pump Driveability 2 Sw; 0x2154: Pump Mode Sw; 0x2160: Power steer trigger Sw;,
vdpo_dig_in_5,Digital Input 5,0x3300,5,option,0,2,option,0x21FF: No Input; 0x2100: Key Sw; 0x2101: Horn Sw; 0x2120: Drive enable Sw; 0x2121: Forward Sw; 0x2122: Reverse Sw; 0x2123: FS1 Sw; 0x2124: Seat Sw; 0x2125: Handbrake Sw; 0x2126: Driveability 1 Sw; 0x2127: Driveability 2 Sw; 0x2129: Inch Fw Sw; 0x212A: Inch Rev Sw; 0x212B: Inner left steer Sw; 0x212C: Outer left steer Sw; 0x212D: Inner right steer Sw; 0x212E: Outer right steer Sw; 0x212F: High speed Sw; 0x2130: Footbrake Sw; 0x2131: Regen Charging Enable Sw; 0x2132: Overload Sw; 0x2133: Operational alarm trigger Sw; 0x2134: Tilt Sw; 0x2135: Platform Up; 0x2136: Traction Mode Select; 0x2137: Traction Inhibit; 0x2138: Pothole; 0x2139: Belly; 0x213A: Deadman Sw; 0x2140: Pump 1 Sw; 0x2141: Pump 2 Sw; 0x2142: Pump 3 Sw; 0x2143: Pump 4 Sw; 0x2144: Pump 5 Sw; 0x2145: Pump 6 Sw; 0x2146: Pump 7 Sw; 0x2150: Pump Inhibit Sw; 0x2152: Pump Driveability 1 Sw; 0x2153: Pump Driveability 2 Sw; 0x2154: Pump Mode Sw; 0x2160: Power steer trigger Sw;,
vdpo_dig_in_6,Digital Input 6,0x3300,6,option,0,2,option,0x21FF: No Input; 0x2100: Key Sw; 0x2101: Horn Sw; 0x2120: Drive enable Sw; 0x2121: Forward Sw; 0x2122: Reverse Sw; 0x2123: FS1 Sw; 0x2124: Seat Sw; 0x2125: Handbrake Sw; 0x2126: Driveability 1 Sw; 0x2127: Driveability 2 Sw; 0x2129: Inch Fw Sw; 0x212A: Inch Rev Sw; 0x212B: Inner left steer Sw; 0x212C: Outer left steer Sw; 0x212D: Inner right steer Sw; 0x212E: Outer right steer Sw; 0x212F: High speed Sw; 0x2130: Footbrake Sw; 0x2131: Regen Charging Enable Sw; 0x2132: Overload Sw; 0x2133: Operational alarm trigger Sw; 0x2134: Tilt Sw; 0x2135: Platform Up; 0x2136: Traction Mode Select; 0x2137: Traction Inhibit; 0x2138: Pothole; 0x2139: Belly; 0x213A: Deadman Sw; 0x2140: Pump 1 Sw; 0x2141: Pump 2 Sw; 0x2142: Pump 3 Sw; 0x2143: Pump 4 Sw; 0x2144: Pump 5 Sw; 0x2145: Pump 6 Sw; 0x2146: Pump 7 Sw; 0x2150: Pump Inhibit Sw; 0x2152: Pump Driveability 1 Sw; 0x2153: Pump Driveability 2 Sw; 0x2154: Pump Mode Sw; 0x2160: Power steer trigger Sw;,
vdpo_dig_in_7,Digital Input 7,0x3300,7,option,0,2,option,0x21FF: No Input; 0x2100: Key Sw; 0x2101: Horn Sw; 0x2120: Drive enable Sw; 0x2121: Forward Sw; 0x2122: Reverse Sw; 0x2123: FS1 Sw; 0x2124: Seat Sw; 0x2125: Handbrake Sw; 0x2126: Driveability 1 Sw; 0x2127: Driveability 2 Sw; 0x2129: Inch Fw Sw; 0x212A: Inch Rev Sw; 0x212B: Inner left steer Sw; 0x212C: Outer left steer Sw; 0x212D: Inner right steer Sw; 0x212E: Outer right steer Sw; 0x212F: High speed Sw; 0x2130: Footbrake Sw; 0x2131: Regen Charging Enable Sw; 0x2132: Overload Sw; 0x2133: Operational alarm trigger Sw; 0x2134: Tilt Sw; 0x2135: Platform Up; 0x2136: Traction Mode Select; 0x2137: Traction Inhibit; 0x2138: Pothole; 0x2139: Belly; 0x213A: Deadman Sw; 0x2140: Pump 1 Sw; 0x2141: Pump 2 Sw; 0x2142: Pump 3 Sw; 0x2143: Pump 4 Sw; 0x2144: Pump 5 Sw; 0x2145: Pump 6 Sw; 0x2146: Pump 7 Sw; 0x2150: Pump Inhibit Sw; 0x2152: Pump Driveability 1 Sw; 0x2153: Pump Driveability 2 Sw; 0x2154: Pump Mode Sw; 0x2160: Power steer trigger Sw;,
vdpo_dig_in_8,Digital Input 8,0x3300,8,option,0,2,option,0x21FF: No Input; 0x2100: Key Sw; 0x2101: Horn Sw; 0x2120: Drive enable Sw; 0x2121: Forward Sw; 0x2122: Reverse Sw; 0x2123: FS1 Sw; 0x2124: Seat Sw; 0x2125: Handbrake Sw; 0x2126: Driveability 1 Sw; 0x2127: Driveability 2 Sw; 0x2129: Inch Fw Sw; 0x212A: Inch Rev Sw; 0x212B: Inner left steer Sw; 0x212C: Outer left steer Sw; 0x212D: Inner right steer Sw; 0x212E: Outer right steer Sw; 0x212F: High speed Sw; 0x2130: Footbrake Sw; 0x2131: Regen Charging Enable Sw; 0x2132: Overload Sw; 0x2133: Operational alarm trigger Sw; 0x2134: Tilt Sw; 0x2135: Platform Up; 0x2136: Traction Mode Select; 0x2137: Traction Inhibit; 0x2138: Pothole; 0x2139: Belly; 0x213A: Deadman Sw; 0x2140: Pump 1 Sw; 0x2141: Pump 2 Sw; 0x2142: Pump 3 Sw; 0x2143: Pump 4 Sw; 0x2144: Pump 5 Sw; 0x2145: Pump 6 Sw; 0x2146: Pump 7 Sw; 0x2150: Pump Inhibit Sw; 0x2152: Pump Driveability 1 Sw; 0x2153: Pump Driveability 2 Sw; 0x2154: Pump Mode Sw; 0x2160: Power steer trigger Sw;,
vdpo_dig_in_9,Digital Input 9,0x3300,9,option,0,2,option,0x21FF: No Input; 0x2100: Key Sw; 0x2101: Horn Sw; 0x2120: Drive enable Sw; 0x2121: Forward Sw; 0x2122: Reverse Sw; 0x2123: FS1 Sw; 0x2124: Seat Sw; 0x2125: Handbrake Sw; 0x2126: Driveability 1 Sw; 0x2127: Driveability 2 Sw; 0x2129: Inch Fw Sw; 0x212A: Inch Rev Sw; 0x212B: Inner left steer Sw; 0x212C: Outer left steer Sw; 0x212D: Inner right steer Sw; 0x212E: Outer right steer Sw; 0x212F: High speed Sw; 0x2130: Footbrake Sw; 0x2131: Regen Charging Enable Sw; 0x2132: Overload Sw; 0x2133: Operational alarm trigger Sw; 0x2134: Tilt Sw; 0x2135: Platform Up; 0x2136: Traction Mode Select; 0x2137: Traction Inhibit; 0x2138: Pothole; 0x2139: Belly; 0x213A: Deadman Sw; 0x2140: Pump 1 Sw; 0x2141: Pump 2 Sw; 0x2142: Pump 3 Sw; 0x2143: Pump 4 Sw; 0x2144: Pump 5 Sw; 0x2145: Pump 6 Sw; 0x2146: Pump 7 Sw; 0x2150: Pump Inhibit Sw; 0x2152: Pump Driveability 1 Sw; 0x2153: Pump Driveability 2 Sw; 0x2154: Pump Mode Sw; 0x2160: Power steer trigger Sw;,
vdpo_dig_in_10,Digital Input 10,0x3300,10,option,0,2,option,0x21FF: No Input; 0x2100: Key Sw; 0x2101: Horn Sw; 0x2120: Drive enable Sw; 0x2121: Forward Sw; 0x2122: Reverse Sw; 0x2123: FS1 Sw; 0x2124: Seat Sw; 0x2125: Handbrake Sw; 0x2126: Driveability 1 Sw; 0x2127: Driveability 2 Sw; 0x2129: Inch Fw Sw; 0x212A: Inch Rev Sw; 0x212B: Inner left steer Sw; 0x212C: Outer left steer Sw; 0x212D: Inner right steer Sw; 0x212E: Outer right steer Sw; 0x212F: High speed Sw; 0x2130: Footbrake Sw; 0x2131: Regen Charging Enable Sw; 0x2132: Overload Sw; 0x2133: Operational alarm trigger Sw; 0x2134: Tilt Sw; 0x2135: Platform Up; 0x2136: Traction Mode Select; 0x2137: Traction Inhibit; 0x2138: Pothole; 0x2139: Belly; 0x213A: Deadman Sw; 0x2140: Pump 1 Sw; 0x2141: Pump 2 Sw; 0x2142: Pump 3 Sw; 0x2143: Pump 4 Sw; 0x2144: Pump 5 Sw; 0x2145: Pump 6 Sw; 0x2146: Pump 7 Sw; 0x2150: Pump Inhibit Sw; 0x2152: Pump Driveability 1 Sw; 0x2153: Pump Driveability 2 Sw; 0x2154: Pump Mode Sw; 0x2160: Power steer trigger Sw;,
vdpo_dig_in_11,Digital Input 11,0x3300,11,option,0,2,option,0x21FF: No Input; 0x2100: Key Sw; 0x2101: Horn Sw; 0x2120: Drive enable Sw; 0x2121: Forward Sw; 0x2122: Reverse Sw; 0x2123: FS1 Sw; 0x2124: Seat Sw; 0x2125: Handbrake Sw; 0x2126: Driveability 1 Sw; 0x2127: Driveability 2 Sw; 0x2129: Inch Fw Sw; 0x212A: Inch Rev Sw; 0x212B: Inner left steer Sw; 0x212C: Outer left steer Sw; 0x212D: Inner right steer Sw; 0x212E: Outer right steer Sw; 0x212F: High speed Sw; 0x2130: Footbrake Sw; 0x2131: Regen Charging Enable Sw; 0x2132: Overload Sw; 0x2133: Operational alarm trigger Sw; 0x2134: Tilt Sw; 0x2135: Platform Up; 0x2136: Traction Mode Select; 0x2137: Traction Inhibit; 0x2138: Pothole; 0x2139: Belly; 0x213A: Deadman Sw; 0x2140: Pump 1 Sw; 0x2141: Pump 2 Sw; 0x2142: Pump 3 Sw; 0x2143: Pump 4 Sw; 0x2144: Pump 5 Sw; 0x2145: Pump 6 Sw; 0x2146: Pump 7 Sw; 0x2150: Pump Inhibit Sw; 0x2152: Pump Driveability 1 Sw; 0x2153: Pump Driveability 2 Sw; 0x2154: Pump Mode Sw; 0x2160: Power steer trigger Sw;,
vdpo_dig_in_12,Digital Input 12,0x3300,12,option,0,2,option,0x21FF: No Input; 0x2100: Key Sw; 0x2101: Horn Sw; 0x2120: Drive enable Sw; 0x2121: Forward Sw; 0x2122: Reverse Sw; 0x2123: FS1 Sw; 0x2124: Seat Sw; 0x2125: Handbrake Sw; 0x2126: Driveability 1 Sw; 0x2127: Driveability 2 Sw; 0x2129: Inch Fw Sw; 0x212A: Inch Rev Sw; 0x212B: Inner left steer Sw; 0x212C: Outer left steer Sw; 0x212D: Inner right steer Sw; 0x212E: Outer right steer Sw; 0x212F: High speed Sw; 0x2130: Footbrake Sw; 0x2131: Regen Charging Enable Sw; 0x2132: Overload Sw; 0x2133: Operational alarm trigger Sw; 0x2134: Tilt Sw; 0x2135: Platform Up; 0x2136: Traction Mode Select; 0x2137: Traction Inhibit; 0x2138: Pothole; 0x2139: Belly; 0x213A: Deadman Sw; 0x2140: Pump 1 Sw; 0x2141: Pump 2 Sw; 0x2142: Pump 3 Sw; 0x2143: Pump 4 Sw; 0x2144: Pump 5 Sw; 0x2145: Pump 6 Sw; 0x2146: Pump 7 Sw; 0x2150: Pump Inhibit Sw; 0x2152: Pump Driveability 1 Sw; 0x2153: Pump Driveability 2 Sw; 0x2154: Pump Mode Sw; 0x2160: Power steer trigger Sw;,
vpdo_num_ana_in,Number of Analog Inputs,0x3400,0,option,0,1,option,0: No Inputs;1: 1 Input; 2: 2 Inputs,
vpdo_ana_in_1,Analog Input 1,0x3400,1,option,0,2,option,0x22FF: No Input;0x2220:Throttle;0x2221:FootBrake;0x2222:Economy;0x2223:Steer Pot;0x2224:Redundant Throttle;0x2240: Pump Throttle 1; 0x2241: Pump Throttle 2,
vpdo_ana_in_2,Analog Input 2,0x3400,2,option,0,2,option,0x22FF: No Input;0x2220:Throttle;0x2221:FootBrake;0x2222:Economy;0x2223:Steer Pot;0x2224:Redundant Throttle;0x2240: Pump Throttle 1; 0x2241: Pump Throttle 2,
