Variable Root,pmac_gui,,,,,,
Title Label,PMAC Parameters,,,,,,
Mode,preop,,,,,,
Read Only,no,,,,,,
Name,Label,Index,Sub Index,Scale Type,Format,Size,Line Type
peak_torque,Peak Torque (Nm),0x6076,0,gain,0.001,4,entry
max_stator_current,Maximum Stator Current (A),0x4641,2,gain,1,2,entry
current_limit,Current Limit (A),0x6075,0,gain,0.001,4,entry
voltage_constant,Voltage Constant,0x4641,0x12,gain,3.05E-05,2,entry
pole_pairs,Pole Pairs,0x4641,5,gain,1,2,spin
min_mag_current,Minimum Mag Current (A),0x4641,3,format,s16.0,2,entry
pmac_rpm_full_volts,RPM To Reach Nominal Battery,equation,,,expr round(60/(([sdo_rnx $helper_node 0x4641 0x12] * 0.0000305 *  [sdo_rnx $helper_node 0x4641 5 ] * 2 * 3.14159) / ([rf [sdo_rnx $helper_node 0x2c00 0] 12.4]/sqrt(2)))),,equation
pmac_stator_max_torque,Max Torque By Stator I Limit,equation,,,expr round([sdo_rnx $helper_node 0x4641 2] * [sdo_rnx $helper_node 0x4641 5] * sqrt(3) * [sdo_rnx $helper_node 0x4641 0x12] * 3.05e-5),,equation
pmac_curlimit_max_torque,Max Torque By I Limit,equation,,,expr round([sdo_rnx $helper_node 0x6075 0]*0.001 * [sdo_rnx $helper_node 0x4641 5] * sqrt(3) * [sdo_rnx $helper_node 0x4641 0x12] * 3.05e-5),,equation
