Variable Root,scurve,,,,,,,
Title Label,S-curve Setup,,,,,,,
Mode,preop,,,,,,,
Read Only,no,,,,,,,
Name,Label,Index,Sub Index,Scale Type,Format,Size,Line Type,Options
approach_label,RPM away from target speed at which ramped speed starts to level off,label,,,,,label,
approach_curve,Approach Curve,0x290a,1,gain,1,1,entry,
delay_label,Determines how quickly the new ramp rate will take effect,label,,,,,label,
change_delay,Ramp Change Delay,0x290a,2,gain,1,1,entry,
delay_speed_label,Changes in demand greater than this setting will cause the Change Delay to be ignored,label,,,,,label,
change_delay_speed,Ramp Change Delay Speed,0x290a,3,gain,1,2,entry,
