Variable Root,sequence_control,,,,,,,
Title Label,Sequence Fault Check,,,,,,,
Mode,preop,,,,,,,
Read Only,no,,,,,,,
Name,Label,Index,Sub Index,Scale Type,Format,Size,Line Type,Options
sequence_flags,Sequence Flags,0x2918,0,hex,hex,2,entry,
sequence_throttle_dir,Bit 0: Throttle direction for directional throttle configuration,0x2918,0,bit,0,2,radio,Check;Ignore
sequence_forward,Bit 1: Forward switch,0x2918,0,bit,1,2,radio,Check;Ignore
sequence_reverse,Bit 2: Reverse switch,0x2918,0,bit,2,2,radio,Check;Ignore
sequence_fs1,Bit 3: FS1 switch,0x2918,0,bit,3,2,radio,Check;Ignore
sequence_inch_forward,Bit 4: Inch Forward switch,0x2918,0,bit,4,2,radio,Check;Ignore
sequence_inch_reverse,Bit 5: Inch Reverse switch,0x2918,0,bit,5,2,radio,Check;Ignore
sequence_deadman,Bit 6: Deadman switch,0x2918,0,bit,6,2,radio,Check;Ignore
sequence_belly,Bit 7: Belly switch,0x2918,0,bit,7,2,radio,Check;Ignore
