Variable Root,speed_control,,,,,,
Title Label,Speed Control Parameters,,,,,,
Mode,op,,,,,,
Read Only,no,,,,,,
Name,Label,Index,Sub Index,Scale Type,Format,Size,Line Type
speed_kp,Proportional Gain,0x4651,1,gain,0.000244141,2,buttons
speed_ki,Integral Gain,0x4651,2,gain,0.00390625,2,buttons
low_speed_kp,Low Speed Pgain,0x4651,3,gain,0.000244141,2,buttons
roll_speed_ki,Rollback Speed Gain,0x4651,4,gain,0.00390625,2,buttons
low_speed_ki,Low Speed Igain,0x4651,5,gain,0.00390625,2,buttons
dwdt_gain,dw/dt Gain,0x4651,6,gain,0.00390625,2,buttons
speed_int_init_factor,Integral Initialisation Factor,0x4651,7,format,4.12,2,buttons
dvt_helper_speed_control_overspeed_protection,Overspeed Protection (RPM),0x4624,0,gain,1,2,buttons
