Variable Root:,temp_sensor,,,,,,,
Title Label:,Temperature Sensor Setup,,,,,,,
preop,,,,,,,,
Name,Label,Index,Sub Index,Scale Type,Format,Size,Line Type,Options
temp_sensor_mode,Mode,0x4620,1,option,0,1,option,None;PTC Thermistor;Switch;PTC Thermistor and switch
temp_sensor_high_voltage,High Temperature Voltage,0x4620,2,gain,0.00390625,2,entry,
temp_sensor_low_voltage,Low Temperature Voltage,0x4620,3,gain,0.00390625,2,entry,
temp_sensor_switch_source,Switch source (eg: enter 0x02 = input 2 ; no source = 0xFF),0x4620,4,hex,0,1,entry,
temp_sensor_ptc_type,PTC type,0x4620,5,option,0,1,option,User Defined;KTY84
