Variable Root,temp_sensor,,,,,,,
Title Label,Temperature Sensor Setup,,,,,,,
Mode,preop,,,,,,,
Read Only,no,,,,,,,
Name,Label,Index,Sub Index,Scale Type,Format,Size,Line Type,Options
temp_sensor_mode,Mode,0x4620,1,option,0,1,option,0:None;1:PTC Thermistor;2:Switch;3:PTC Thermistor and switch
temp_sensor_high_voltage,High Temperature Voltage,0x4620,2,gain,0.00390625,2,entry,
temp_sensor_low_voltage,Low Temperature Voltage,0x4620,3,gain,0.00390625,2,entry,
temp_sensor_switch_source,Switch Source (eg: 0x02 = input 2 ; 0xFF = no source),0x4620,4,hex,0,1,entry,
temp_sensor_ptc_type,PTC type,0x4620,5,option,0,1,option,0:User Defined;1:KTY84
temp_i2t_label,I2t Parameters,label,,,,,label,
temp_i2t_tc,I2t Time Constant,0x4621,2,gain,1,2,buttons,
temp_i2t_tc_value,I2t Time Constant Real Value,equation,,,expr round(1/-(log([sdo_rnx $helper_node 0x4621 2]/32767.0))),,equation,
temp_i2t_k,I2t Current / Temp Constant,0x4621,1,format,S15.1,2,buttons,
temp_rated_current,Rated Current,0x4640,2,format,12.4,2,entry,
temp_max_motor_temp,Maximum allowable motor temperature,0x4621,3,format,s16.0,2,entry,
temp_ptc_measure,PTC measurement,equation,,,expr round([sdo_rnx $helper_node 0x4600 3]),,equation,
temp_motor_est,Motor temperature estimate,equation,,,expr round([sdo_rnx $helper_node 0x4602 8]),,equation,
