Variable Root,throttle_control,,,,,,,
Title Label,Throttle Setup,,,,,,,
Mode,preop,,,,,,,
Read Only,no,,,,,,,
Name,Label,Index,Sub Index,Scale Type,Format,Size,Line Type,Options
throttle_flags,Throttle Flags,0x2910,1,hex,hex,2,entry,
throttle_prop_dir_braking,Proportional Direction Braking,0x2910,1,bit,0,2,radio,No;Yes
throttle_directional,Directional Throttle,0x2910,1,bit,1,2,radio,No;Yes
throttle_prop_speed_limit,Speed Limit,0x2910,1,bit,2,2,radio,Proportional to throttle;Fixed
throttle_braking_dir_throttle,Direction Throttle,0x2910,1,bit,3,2,radio,Controls Dr torque only;Controls Dr and Brk torque
throttle_reverse_speed_limit_encoding,Reverse Speed Limit Encoding,0x2910,1,bit,4,2,radio,No;Yes
throttle_handbrake_fault,Handbrake Fault,0x2910,1,bit,5,2,radio,Enable;Disable
throttle_prop_speed_limit_during_braking,Proportional Speed Limit,0x2910,1,bit,6,2,radio,In drive and brake;In drive only
throttle_drive_profile_type,Drive Profile Consolidation,0x2910,1,bit,7,2,radio,Use lowest values;Use active profile only
throttle_steer_angle,Step Change In Steer Angle,0x2910,1,bit,8,2,radio,Do not allow;Allow
throttle_virtual_fs1,Virtual FS1,0x2910,1,bit,9,2,radio,Disable;Enable
throttle_char,Throttle Input Characteristic,0x2910,2,option,1,1,option,1:Linear;2:Curved;3:Crawl
throttle_start_volt_1,Throttle Start Voltage 1 (V),0x2910,3,gain,0.00390625,2,entry,
throttle_start_val_1,Throttle Start Value 1,0x2910,4,one,s1.15,2,entry,
throttle_end_volt_1,Throttle End Voltage 1 (V),0x2910,5,gain,0.00390625,2,entry,
throttle_end_val_1,Throttle End Value 1,0x2910,6,one,s1.15,2,entry,
throttle_start_volt_2,Throttle Start Voltage 2 (V),0x2910,7,gain,0.00390625,2,entry,
throttle_start_val_2,Throttle Start Value 2,0x2910,8,one,s1.15,2,entry,
throttle_end_volt_2,Throttle End Voltage 2 (V),0x2910,9,gain,0.00390625,2,entry,
throttle_end_val_2,Throttle End Value 2,0x2910,10,one,s1.15,2,entry,
